Topic,Count,Name,Representation,Representative_Docs
-1,9155,-1_Data Analytics in Energy,['Data Analytics in Energy'],"['Introduction to Data Science - Vorlesung The course ¿Introduction to Data Science¿ offered by the Chair of Process and Data Science (PADS) within the scope of the new programme ¿Master of Data Science¿ can now also officially be selected as a semi-elective module (Wahlpflichtfach) for the following Master Programmes: - Master Informatik - Master Software Systems Engineering (SSE) - Master Media Informatics. - Master Data Science - Master Computational Social System - Master Physik The module is currently added to the relevant exam regulations of the master programmes mentioned above. This course is taught in English. <a href=https://online.rwth-aachen.de/RWTHonline/pl/ui/$ctx/WBMODHB.wbShowMHBReadOnly?pKnotenNr=192354&amp;pOrgNr=14194> Please see module catalogue English version</a>.', 'Funktionale Sicherheit und Systemzuverlässigkeit <ul><li>Terminology<ul><li>Risk, Safety, Reliability, Availablity</li><li>Fault, Error, Failure</li></ul></li></ul><ul><li>Reliability Metrics<ul><li>Reliability Function</li><li>Failure Rate</li><li>Mean Time To Failure</li><li>Bath-tub Curve</li></ul></li></ul><ul><li>Elementary Stochastics<ul><li>Random Variables</li><li>Discrete and Continuous Probability Distributions</li><li>Geometric Distribution</li><li>Exponential Distribution</li><li>Memorylessness</li><li>From Failure Probability to Failure Rate</li></ul></li></ul><ul><li>Redundancy Concepts<ul><li>m-out-of-n Structures</li><li>Availability Analysis</li></ul></li></ul><ul><li>Fault Tolerance Mechanisms<ul><li>Fault Detection</li><li>Fault Masking</li></ul></li></ul><ul><li>Risk Acceptance Principles<ul><li>MEM</li><li>GAMAB</li><li>ALARP</li></ul></li></ul><ul><li>Protectve Devices<ul><li>Active and Passive Failure</li><li>Safety-related and Operation-related Availability</li></ul></li></ul><ul><li>Failure Modelling Techniques<ul><li>Failure Mode and Effects Analysis (FMEA)</li><li>Reliability Block Diagrams (RBD)</li><li>Faul Trees (FT)</li></ul></li></ul><ul><li>Fault Tree Analysis (FTA)<ul><li>Binary Decision Diagram (BDD)</li><li>Minimal Cut Set (MCS)</li><li>Hybrid Fault Trees</li></ul></li></ul><ul><li>Software Reliability<ul><li>Defect Denisty Models</li><li>Reliability Growth Models</li><li>N-Version Programming</li></ul></li></ul><ul><li>Stochastic Processes<ul><li>Discrete-time Markov Chains (DTMC)</li><li>Continuous-time Makrov Chains (CTMC)</li><li>Classification</li><li>Transient State Probabilities</li><li>Steady-state Probabilitites</li><li>Laplace Transfrom</li></ul></li></ul><ul><li>IEC 61508<ul><li>Hazard and Risk Analysis</li><li>Safety Integrity Level (SIL)</li><li>Safety Life Cycle</li><li>ISO 26262</li><li>Safe Failure Fraction</li></ul></li></ul><ul><li>Fault Mitigation<ul><li>March Test</li><li>Detecting Memory Faults</li><li>MISRA-C</li></ul></li></ul>', 'Process Conformance Checking in Python Process Mining is a growing branch of Data Science that analyses event data recorded in Information Systems and focuses on the process perspective. Investments in Process Mining from public and private companies are steadily increasing, and expected to more than double in the next five years. Hence a good knowledge of Process Mining is an important skill for Data Scientists. Conformance Checking is a part of Process Mining discipline and consists in techniques to compare the process model and the real behavior recorded in an Information Systems to find commonalities and discrepancies. These may signal the need of better control of the process, or that the model needs to be improved to capture reality better. Common implementations of Conformance Checking on Information Systems are event listeners that trigger some kind of alert when deviations occur, or post-mortem analysis to detect fraudulent behavior, for example violations of the Four Eyes Principle. This Software Lab course includes tutorials, guest lectures and hands-on for the existing Conformance Checking algorithms using ProM Framework. The course includes implementation of Conformance Checking using Python and following the software engineering principles.']"
0,29616,0_Embedded Systems Education,['Embedded Systems Education'],"['Kolloquium Software Engineering ', 'Informatik-Kolloquium ', 'Informatik-Kolloquium ']"
1,3290,1_Deep Learning in Robotics,['Deep Learning in Robotics'],"['Machine Learning ', 'Machine Learning ', 'Machine Learning ']"
2,2495,2_Deep Learning Visualization,['Deep Learning Visualization'],"['Computer Vision  ', 'Computer Vision Exercise ', 'Computer Vision  ']"
3,2429,3_Introduction to Bioinformatics,['Introduction to Bioinformatics'],"['Querschnittsbereich Epidemiologie, Medizinische Biometrie und Medizinische Informatik  ', 'Querschnittsbereich Epidemiologie, medizinische Biometrie und medizinische Informatik  ', 'Querschnittsbereich Epidemiologie, Medizinische Biometrie und Medizinische Informatik  ']"
4,1677,4_Modern Cryptography Introduction,['Modern Cryptography Introduction'],"['Introduction to Modern Cryptography Cryptography is everywhere! We heavily rely on cryptography in our everyday life when we do, for example, online shopping and online banking, pay with credit or debit card, open doors with electronic keys, or when we use social networks, instant messengers, online games, WiFi, mobile networks, or electronic currencies. Here, cryptography is  essential in order to guarantee various central security properties such as secrecy and integrity of messages as well as authenticity of the communication partners.\r\n\r\nThis course provides an introduction to modern cryptography. In the traditional approach to cryptography, cryptographers proposed, for example, encryption algorithms, and then others, cryptanalysts, tried to break them. In modern cryptography, cryptographers try to prove that their cryptographic constructions are secure under certain assumptions (e.g., number theoretic assumptions), even when attacked by powerful adversaries. Hence, cryptography turned from pure art to science.\r\n\r\nThe course covers several fundamental cryptographic primitives, including (symmetric and asymmetric) encryption, hash functions, digital signatures, and message authentication codes. These primitives are important building blocks for other cryptographic constructions and for cryptographic protocols (TLS, SSH, WPA2, etc.), used by billions of people every day. The course presents common cryptographic constructions as used in practice, such as AES with various encryption modes (e.g.,  CBC, CTR), RSA, ElGamal, HMAC, PKCS#1, DSA. It also discusses public-key infrastructures and cryptographic protocols.\r\n\r\nIn the spirit of modern cryptography, we ask the following questions: What does it mean for an encryption algorithm, digital signature, etc. to be secure? Under which assumptions can we prove security? For several cryptographic constructions used in practice, including those mentioned above, we prove security or present attacks. This provides a deep understanding of the security/insecurity of the cryptography that surrounds us.\r\n\r\nWhile the Bachelor lecture on Grundlagen der Informationssicherheit (GIS) touches on  some of the points mentioned above, this lecture truly provides an introduction to modern cryptography and goes far beyond GIS.\r\n\r\nGerman keywords: Kryptographie, Kryptografie, Zahlentheorie, Algebra, Verschlüsselungverfahren, digitale Signaturen, beweisbare Sicherheit, Sicherheitsspiele, kryptographische Algorithmen, Primzahlen, Wahrscheinlichkeitstheorie, Datenschutz, Datensicherheit\r\n\r\nEnglish keywords: cryptography, number theory, algebra, encryption, digital signatures, provable security, security games, cryptographic algorithms, prime numbers, probability theory, data security', 'Introduction to Modern Cryptography Cryptography is everywhere! We heavily rely on cryptography in our everyday life when we do, for example, online shopping and online banking, pay with credit or debit card, open doors with electronic keys, or when we use social networks, instant messengers, online games, WiFi, mobile networks, or electronic currencies. Here, cryptography is  essential in order to guarantee various central security properties such as secrecy and integrity of messages as well as authenticity of the communication partners.\r\n\r\nThis course provides an introduction to modern cryptography. In the traditional approach to cryptography, cryptographers proposed, for example, encryption algorithms, and then others, cryptanalysts, tried to break them. In modern cryptography, cryptographers try to prove that their cryptographic constructions are secure under certain assumptions (e.g., number theoretic assumptions), even when attacked by powerful adversaries. Hence, cryptography turned from pure art to science.\r\n\r\nThe course covers several fundamental cryptographic primitives, including (symmetric and asymmetric) encryption, hash functions, digital signatures, and message authentication codes. These primitives are important building blocks for other cryptographic constructions and for cryptographic protocols (TLS, SSH, WPA2, etc.), used by billions of people every day. The course presents common cryptographic constructions as used in practice, such as AES with various encryption modes (e.g.,  CBC, CTR), RSA, ElGamal, HMAC, PKCS#1, DSA. It also discusses public-key infrastructures and cryptographic protocols.\r\n\r\nIn the spirit of modern cryptography, we ask the following questions: What does it mean for an encryption algorithm, digital signature, etc. to be secure? Under which assumptions can we prove security? For several cryptographic constructions used in practice, including those mentioned above, we prove security or present attacks. This provides a deep understanding of the security/insecurity of the cryptography that surrounds us.\r\n\r\nWhile the Bachelor lecture on Grundlagen der Informationssicherheit (GIS) touches on  some of the points mentioned above, this lecture truly provides an introduction to modern cryptography and goes far beyond GIS.\r\n\r\nGerman keywords: Kryptographie, Kryptografie, Zahlentheorie, Algebra, Verschlüsselungverfahren, digitale Signaturen, beweisbare Sicherheit, Sicherheitsspiele, kryptographische Algorithmen, Primzahlen, Wahrscheinlichkeitstheorie, Datenschutz, Datensicherheit\r\n\r\nEnglish keywords: cryptography, number theory, algebra, encryption, digital signatures, provable security, security games, cryptographic algorithms, prime numbers, probability theory, data security', 'Introduction to Modern Cryptography Cryptography is everywhere! We heavily rely on cryptography in our everyday life when we do, for example, online shopping and online banking, pay with credit or debit card, open doors with electronic keys, or when we use social networks, instant messengers, online games, WiFi, mobile networks, or electronic currencies. Here, cryptography is  essential in order to guarantee various central security properties such as secrecy and integrity of messages as well as authenticity of the communication partners.\r\n\r\nThis course provides an introduction to modern cryptography. In the traditional approach to cryptography, cryptographers proposed, for example, encryption algorithms, and then others, cryptanalysts, tried to break them. In modern cryptography, cryptographers try to prove that their cryptographic constructions are secure under certain assumptions (e.g., number theoretic assumptions), even when attacked by powerful adversaries. Hence, cryptography turned from pure art to science.\r\n\r\nThe course covers several fundamental cryptographic primitives, including (symmetric and asymmetric) encryption, hash functions, digital signatures, and message authentication codes. These primitives are important building blocks for other cryptographic constructions and for cryptographic protocols (TLS, SSH, WPA2, etc.), used by billions of people every day. The course presents common cryptographic constructions as used in practice, such as AES with various encryption modes (e.g.,  CBC, CTR), RSA, ElGamal, HMAC, PKCS#1, DSA. It also discusses public-key infrastructures and cryptographic protocols.\r\n\r\nIn the spirit of modern cryptography, we ask the following questions: What does it mean for an encryption algorithm, digital signature, etc. to be secure? Under which assumptions can we prove security? For several cryptographic constructions used in practice, including those mentioned above, we prove security or present attacks. This provides a deep understanding of the security/insecurity of the cryptography that surrounds us.\r\n\r\nWhile the Bachelor lecture on Grundlagen der Informationssicherheit (GIS) touches on  some of the points mentioned above, this lecture truly provides an introduction to modern cryptography and goes far beyond GIS.\r\n\r\nGerman keywords: Kryptographie, Kryptografie, Zahlentheorie, Algebra, Verschlüsselungverfahren, digitale Signaturen, beweisbare Sicherheit, Sicherheitsspiele, kryptographische Algorithmen, Primzahlen, Wahrscheinlichkeitstheorie, Datenschutz, Datensicherheit\r\n\r\nEnglish keywords: cryptography, number theory, algebra, encryption, digital signatures, provable security, security games, cryptographic algorithms, prime numbers, probability theory, data security']"
5,525,5_Process Mining Techniques,['Process Mining Techniques'],"['Selected Topics in Process Mining Process mining is a novel scientific discipline on the interface between process models and event data. Process mining techniques are used to discover, analyze and improve real processes by extracting knowledge from event logs. The main challenge lies in turning event data Big Data into valuable information related to process performance and compliance. We can use process mining results in order to identify and understand bottlenecks, inefficiencies, and deviations.', 'Selected Topics in Process Mining Process mining is a novel scientific discipline on the interface between process models and event data. Process mining techniques are used to discover, analyze and improve real processes by extracting knowledge from event logs. The main challenge lies in turning event data Big Data into valuable information related to process performance and compliance. We can use process mining results in order to identify and understand bottlenecks, inefficiencies, and deviations.', 'Process Mining (Klausur) ']"
6,506,6_Grundlagen der Computer,['Grundlagen der Turing Computer'],"['Grundlagen der digitalen, analogen und Quanten Computer In der Vorlesung werden die Grundlagen des Turing Computers als Basis aller digitalen Computer entwickelt. Es werden Turing berechenbare Funktionen vollständig charakterisiert. Darauf aufbauend wird die berechenbare Analysis als Basis für alle Problemstellungen, die mit Hilfe eines Turing Computers gelöst werden können, entwickelt. Für zentrale Systeme der Informationstechnik wie zum Beispiel Fourier Transformation, Hilbert Transformation und Differentialgleichungen wird unter Benutzung mathematischer Techniken gezeigt, dass diese im Allgemeinen nicht auf Turing Computer berechnet werden können. Im Anschluss werden die physikalischen und mathematischen Grundlagen von universellen analog Computern entwickelt. Für die Fourier Transformation, Hilbert Transformation und Differentialgleichungen werden Implementierungen auf einem universellen analog Computer entwickelt. Es wird weiterhin gezeigt, dass jeder Turing Computer auf einem analog Computer implementiert werden kann. Damit ist der universelle analog Computer sehr viel leistungsfähiger als der Turing Computer. Im Anschluss werden die physikalischen und mathematischen Grundlagen des Quanten Computers als Weiterentwicklung klassischer analog Computer entwickelt.', 'Grundlagen der digitalen, analogen und Quanten Computer In der Vorlesung werden die Grundlagen des Turing Computers als Basis aller digitalen Computer entwickelt. Es werden Turing berechenbare Funktionen vollständig charakterisiert. Darauf aufbauend wird die berechenbare Analysis als Basis für alle Problemstellungen, die mit Hilfe eines Turing Computers gelöst werden können, entwickelt. Für zentrale Systeme der Informationstechnik wie zum Beispiel Fourier Transformation, Hilbert Transformation und Differentialgleichungen wird unter Benutzung mathematischer Techniken gezeigt, dass diese im Allgemeinen nicht auf Turing Computer berechnet werden können. Im Anschluss werden die physikalischen und mathematischen Grundlagen von universellen analog Computern entwickelt. Für die Fourier Transformation, Hilbert Transformation und Differentialgleichungen werden Implementierungen auf einem universellen analog Computer entwickelt. Es wird weiterhin gezeigt, dass jeder Turing Computer auf einem analog Computer implementiert werden kann. Damit ist der universelle analog Computer sehr viel leistungsfähiger als der Turing Computer. Im Anschluss werden die physikalischen und mathematischen Grundlagen des Quanten Computers als Weiterentwicklung klassischer analog Computer entwickelt.', ' Grundlagen der digitalen, analogen und Quanten Computer  In der Vorlesung werden die Grundlagen des Turing Computers als Basis aller digitalen Computer entwickelt. Es werden Turing berechenbare Funktionen vollständig charakterisiert. Darauf aufbauend wird die berechenbare Analysis als Basis für alle Problemstellungen, die mit Hilfe eines Turing Computers gelöst werden können, entwickelt. Für zentrale Systeme der Informationstechnik wie zum Beispiel Fourier Transformation, Hilbert Transformation und Differentialgleichungen wird unter Benutzung mathematischer Techniken gezeigt, dass diese im Allgemeinen nicht auf Turing Computer berechnet werden können. Im Anschluss werden die physikalischen und mathematischen Grundlagen von universellen analog Computern entwickelt. Für die Fourier Transformation, Hilbert Transformation und Differentialgleichungen werden Implementierungen auf einem universellen analog Computer entwickelt. Es wird weiterhin gezeigt, dass jeder Turing Computer auf einem analog Computer implementiert werden kann. Damit ist der universelle analog Computer sehr viel leistungsfähiger als der Turing Computer. Im Anschluss werden die physikalischen und mathematischen Grundlagen des Quanten Computers als Weiterentwicklung klassischer analog Computer entwickelt.']"
7,429,7_Algorithms on Sequences,['Algorithms on Sequences'],"[""Inf-AlgSeq: Algorithms on Sequences This course is an introduction into the theory of stringology, or algorithms on sequences of symbols (also called words or strings). Our main intention is to present a series of basic algorithmic and combinatorial results, which can be used to develop efficient word-processing tools. While the emphasis of the course is on the theoretical side of stringology, we also present a series of applications of the presented concepts in areas like data-compression or computational biology. We expect that the participants to this course will gain an understanding of classical string-processing tools. They are supposed to understand and be able to use in various situations: classical text algorithms (e.g., pattern matching algorithms, edit distance), classical text indexing data structures (e.g., suffix arrays / trees), and classical combinatorial results that are useful in this context (e.g., periodicity lemmas). The main topics our course will cover are: basic combinatorics on words, pattern matching algorithms, data structures for text indexing (suffix arrays, suffix trees), text compression (Huffman encoding, Lempel-Ziv method), detection of regularities in words, algorithms for words with don't care symbols (partial words), word distance algorithms, longest common subsequence algorithms, approximate pattern matching. The presentation of each theoretical topic from the above will be accompanied by a brief discussion on its possible applications."", ""Inf-AlgSeq: Algorithms on Sequences This course is an introduction into the theory of stringology, or algorithms on sequences of symbols (also called words or strings). Our main intention is to present a series of basic algorithmic and combinatorial results, which can be used to develop efficient word-processing tools. While the emphasis of the course is on the theoretical side of stringology, we also present a series of applications of the presented concepts in areas like data-compression or computational biology. We expect that the participants to this course will gain an understanding of classical string-processing tools. They are supposed to understand and be able to use in various situations: classical text algorithms (e.g., pattern matching algorithms, edit distance), classical text indexing data structures (e.g., suffix arrays / trees), and classical combinatorial results that are useful in this context (e.g., periodicity lemmas). The main topics our course will cover are: basic combinatorics on words, pattern matching algorithms, data structures for text indexing (suffix arrays, suffix trees), text compression (Huffman encoding, Lempel-Ziv method), detection of regularities in words, algorithms for words with don't care symbols (partial words), word distance algorithms, longest common subsequence algorithms, approximate pattern matching. The presentation of each theoretical topic from the above will be accompanied by a brief discussion on its possible applications."", ""Inf-AlgSeq: Algorithms on Sequences This course is an introduction into the theory of stringology, or algorithms on sequences of symbols (also called words or strings). Our main intention is to present a series of basic algorithmic and combinatorial results, which can be used to develop efficient word-processing tools. While the emphasis of the course is on the theoretical side of stringology, we also present a series of applications of the presented concepts in areas like data-compression or computational biology. We expect that the participants to this course will gain an understanding of classical string-processing tools. They are supposed to understand and be able to use in various situations: classical text algorithms (e.g., pattern matching algorithms, edit distance), classical text indexing data structures (e.g., suffix arrays / trees), and classical combinatorial results that are useful in this context (e.g., periodicity lemmas). The main topics our course will cover are: basic combinatorics on words, pattern matching algorithms, data structures for text indexing (suffix arrays, suffix trees), text compression (Huffman encoding, Lempel-Ziv method), detection of regularities in words, algorithms for words with don't care symbols (partial words), word distance algorithms, longest common subsequence algorithms, approximate pattern matching. The presentation of each theoretical topic from the above will be accompanied by a brief discussion on its possible applications.""]"
8,260,8_eHumanities Data Science,['eHumanities Data Science'],"[' Practical Course: Open Source Lab (IN0012, IN2106, IN4308)  Pre-meeting:\r\n17:00 on Tuesday 09.07.2024 via BBB\r\nhttps://bbb.cit.tum.de/ale-bfb-3v9-23g\r\n\r\nThis practical course is designed as an introduction into the field of Open Source developement. After a handfull of introductionary lectures, every student will work on their own or in a small team on one or multiple pull requests for Open Source projects.\r\n\r\nSuch Open Source projects could be BBB, GNU or TUM-dev. Interaction with the Open Source community is encouraged.\r\n\r\nThe following topics will be covered:\r\n* Git basics\r\n* GitHub, GitLab, ...\r\n* Licenses\r\n* Utilities like Static Analyzer, Linter, etc.\r\n* CI/CD', 'Practical Course: Open Source Lab (IN0012, IN2106, IN4308) Pre-meeting:\r\n18:00 on Wednesday 02.02.2022 via BBB\r\nhttps://bbb.rbg.tum.de/fab-ykm-vk3-bzd  (session will be recorded)\r\n\r\nThis practical course is designed as an introduction into the field of Open Source developement. After a handfull of introductionary lectures, every student will work on their own or in a small team on one or multiple pull requests for Open Source projects.\r\n\r\nSuch Open Source projects could be BBB, GNU or TUM-dev. Interaction with the Open Source community is encouraged.\r\n\r\nThe following topics will be covered:\r\n* Git basics\r\n* GitHub, GitLab, ...\r\n* Licenses\r\n* Utilities like Static Analyzer, Linter, etc.\r\n* CI/CD', 'Practical Course: Open Source Lab (IN0012, IN2106, IN4308) Pre-meeting:\r\n18:00 on Tuesday 11.07.2023 via BBB\r\nhttps://bbb.rbg.tum.de/ale-liv-k10-cwb\r\n\r\nThis practical course is designed as an introduction into the field of Open Source developement. After a handfull of introductionary lectures, every student will work on their own or in a small team on one or multiple pull requests for Open Source projects.\r\n\r\nSuch Open Source projects could be BBB, GNU or TUM-dev. Interaction with the Open Source community is encouraged.\r\n\r\nThe following topics will be covered:\r\n* Git basics\r\n* GitHub, GitLab, ...\r\n* Licenses\r\n* Utilities like Static Analyzer, Linter, etc.\r\n* CI/CD']"
9,245,9_Mechatronics Education,['Mechatronics Education'],"['IN2106 Intelligent Machine Design Lab: Basic System Design Das IMDL – Intelligent Machine Design Lab Modul 1.2 ist Teil einer dreisemestrigen Modulreihe, welche zum Ziel hat Studenten in die Lage zu versetzen komplexe und sehr leistungsfähige mechatronische Systeme mit hoher gesellschaftlicher/ökonomischer Relevanz zu entwickeln und aufzubauen. Studenten lernen selbständig Produktideen zu entwickeln und schrittweise in seriennahe Produktprototypen zu überführen. Nach Abschluss der Modulreihe sind die Studenten entsprechend in der Lage mechatronische Systeme und Projekte mit beliebiger Komplexität anzugehen sowie eigene Projektideen, welche z.B. gesellschaftliche, wirtschaftliche oder ökologische Probleme lösen, zu entwickeln und erfolgreich zu realisieren. Hierbei wird insbesondere Fokus auf die Erarbeitung multi-disziplinärer Design- und Integrationsfähigkeiten sowie deren Nutzung in einem interdisziplinären Team gelegt.\r\nDie Module innerhalb eines Semesters sowie zwischen den verschiedenen Semestern bauen aufeinander auf. Daher wird die erfolgreiche Absolvierung der vorherigen Module dringend empfohlen (Inhalt von Modul 1.1 wird für Modul 1.2 benötigt, Modul 1.1+1.2 wird für Modul 2.1 benötigt usw.).\r\nSchwerpunkt des Moduls 1.2 dieser Reihe ist die weiterführende Entwicklung und Vertiefung sowohl praktischer als auch theoretischer Fähigkeiten in den Bereichen System-Entwicklung, Auslegung und Planung sowie des praktischen Aufbaus und Inbetriebnahme mechatronischer Systeme. Insbesondere die Team- und Problemlösungsfähigkeiten im Kontext einer interdisziplinären Problemstellung stehen hier im Fokus. Die Komplexität der angestrebten Mechatronik Systeme orientiert sich hierbei auf mobile/rad-basierte Roboter-Plattformen, die ein definiertes Aufgabenspektrum erfüllen. Die Studenten müssen auf Basis dieser Anforderungen ein vollständig funktionsfähiges System selbstständig entwickeln (Design, Komponentenauswahl, …), aufbauen (Produktion, Zusammenbau, Lötarbeiten, …), programmieren (Microcontroller, …) in Betrieb nehmen (Evaluierung des Systemverhaltens, Fehleranalyse ....) und schlussendlich präsentieren.', ' IN2106 Intelligent Machine Design Lab: Basic System Design  Das IMDL – Intelligent Machine Design Lab Modul 1.2 ist Teil einer dreisemestrigen Modulreihe, welche zum Ziel hat Studenten in die Lage zu versetzen komplexe und sehr leistungsfähige mechatronische Systeme mit hoher gesellschaftlicher/ökonomischer Relevanz zu entwickeln und aufzubauen. Studenten lernen selbständig Produktideen zu entwickeln und schrittweise in seriennahe Produktprototypen zu überführen. Nach Abschluss der Modulreihe sind die Studenten entsprechend in der Lage mechatronische Systeme und Projekte mit beliebiger Komplexität anzugehen sowie eigene Projektideen, welche z.B. gesellschaftliche, wirtschaftliche oder ökologische Probleme lösen, zu entwickeln und erfolgreich zu realisieren. Hierbei wird insbesondere Fokus auf die Erarbeitung multi-disziplinärer Design- und Integrationsfähigkeiten sowie deren Nutzung in einem interdisziplinären Team gelegt.\r\nDie Module innerhalb eines Semesters sowie zwischen den verschiedenen Semestern bauen aufeinander auf. Daher wird die erfolgreiche Absolvierung der vorherigen Module dringend empfohlen (Inhalt von Modul 1.1 wird für Modul 1.2 benötigt, Modul 1.1+1.2 wird für Modul 2.1 benötigt usw.).\r\nSchwerpunkt des Moduls 1.2 dieser Reihe ist die weiterführende Entwicklung und Vertiefung sowohl praktischer als auch theoretischer Fähigkeiten in den Bereichen System-Entwicklung, Auslegung und Planung sowie des praktischen Aufbaus und Inbetriebnahme mechatronischer Systeme. Insbesondere die Team- und Problemlösungsfähigkeiten im Kontext einer interdisziplinären Problemstellung stehen hier im Fokus. Die Komplexität der angestrebten Mechatronik Systeme orientiert sich hierbei auf mobile/rad-basierte Roboter-Plattformen, die ein definiertes Aufgabenspektrum erfüllen. Die Studenten müssen auf Basis dieser Anforderungen ein vollständig funktionsfähiges System selbstständig entwickeln (Design, Komponentenauswahl, …), aufbauen (Produktion, Zusammenbau, Lötarbeiten, …), programmieren (Microcontroller, …) in Betrieb nehmen (Evaluierung des Systemverhaltens, Fehleranalyse ....) und schlussendlich präsentieren.', 'IN2106 Intelligent Machine Design Lab: Basic System Design Das IMDL – Intelligent Machine Design Lab Modul 1.2 ist Teil einer dreisemestrigen Modulreihe, welche zum Ziel hat Studenten in die Lage zu versetzen komplexe und sehr leistungsfähige mechatronische Systeme mit hoher gesellschaftlicher/ökonomischer Relevanz zu entwickeln und aufzubauen. Studenten lernen selbständig Produktideen zu entwickeln und schrittweise in seriennahe Produktprototypen zu überführen. Nach Abschluss der Modulreihe sind die Studenten entsprechend in der Lage mechatronische Systeme und Projekte mit beliebiger Komplexität anzugehen sowie eigene Projektideen, welche z.B. gesellschaftliche, wirtschaftliche oder ökologische Probleme lösen, zu entwickeln und erfolgreich zu realisieren. Hierbei wird insbesondere Fokus auf die Erarbeitung multi-disziplinärer Design- und Integrationsfähigkeiten sowie deren Nutzung in einem interdisziplinären Team gelegt.\r\nDie Module innerhalb eines Semesters sowie zwischen den verschiedenen Semestern bauen aufeinander auf. Daher wird die erfolgreiche Absolvierung der vorherigen Module dringend empfohlen (Inhalt von Modul 1.1 wird für Modul 1.2 benötigt, Modul 1.1+1.2 wird für Modul 2.1 benötigt usw.).\r\nSchwerpunkt des Moduls 1.2 dieser Reihe ist die weiterführende Entwicklung und Vertiefung sowohl praktischer als auch theoretischer Fähigkeiten in den Bereichen System-Entwicklung, Auslegung und Planung sowie des praktischen Aufbaus und Inbetriebnahme mechatronischer Systeme. Insbesondere die Team- und Problemlösungsfähigkeiten im Kontext einer interdisziplinären Problemstellung stehen hier im Fokus. Die Komplexität der angestrebten Mechatronik Systeme orientiert sich hierbei auf mobile/rad-basierte Roboter-Plattformen, die ein definiertes Aufgabenspektrum erfüllen. Die Studenten müssen auf Basis dieser Anforderungen ein vollständig funktionsfähiges System selbstständig entwickeln (Design, Komponentenauswahl, …), aufbauen (Produktion, Zusammenbau, Lötarbeiten, …), programmieren (Microcontroller, …) in Betrieb nehmen (Evaluierung des Systemverhaltens, Fehleranalyse ....) und schlussendlich präsentieren.']"
10,172,10_Information Engineering Principles,['Information Engineering Principles'],"['Principles of Information Engineering * Fundamentals:\r\n- Elements of Stochastic Modeling and Analysis\r\n- Signals (analog/digital, deterministic/stochastic, real/complex)\r\n- The Frequency Domain (Fourier transform, spectrum and bandwidth, sampling theorem)\r\n- Information Theory (fundamentals, source coding, channel coding, channel capacity)\r\n* Information Transmission and Storage Systems:\r\n- Elements of Data Transmission (transmission chain, filtering, modulation, detection)\r\n- Communication Systems (real systems compared to theory, channel models, performance criteria, comparison to data storage, current trends)\r\n- Communication Networks (network structures, interference, broadcast and multiple access, multihop and relaying, abstraction layers, network planning)\r\n* Elements of Information Processing\r\n- Data Processing Devices (abstraction layers, real systems compared to theory, digital processing, algorithms and complexity)\r\n- Data Acquisition and Analysis (sampling and quantization, information and noise modeling, feature extraction, machine learning)\r\n- Security Aspects (reliability, security, secrecy, encryption)', 'Principles of Information Engineering * Fundamentals:\r\n- Elements of Stochastic Modeling and Analysis\r\n- Signals (analog/digital, deterministic/stochastic, real/complex)\r\n- The Frequency Domain (Fourier transform, spectrum and bandwidth, sampling theorem)\r\n- Information Theory (fundamentals, source coding, channel coding, channel capacity)\r\n* Information Transmission and Storage Systems:\r\n- Elements of Data Transmission (transmission chain, filtering, modulation, detection)\r\n- Communication Systems (real systems compared to theory, channel models, performance criteria, comparison to data storage, current trends)\r\n- Communication Networks (network structures, interference, broadcast and multiple access, multihop and relaying, abstraction layers, network planning)\r\n* Elements of Information Processing\r\n- Data Processing Devices (abstraction layers, real systems compared to theory, digital processing, algorithms and complexity)\r\n- Data Acquisition and Analysis (sampling and quantization, information and noise modeling, feature extraction, machine learning)\r\n- Security Aspects (reliability, security, secrecy, encryption)', 'Principles of Information Engineering * Fundamentals:\r\n- Elements of Stochastic Modeling and Analysis\r\n- Signals (analog/digital, deterministic/stochastic, real/complex)\r\n- The Frequency Domain (Fourier transform, spectrum and bandwidth, sampling theorem)\r\n- Information Theory (fundamentals, source coding, channel coding, channel capacity)\r\n* Information Transmission and Storage Systems:\r\n- Elements of Data Transmission (transmission chain, filtering, modulation, detection)\r\n- Communication Systems (real systems compared to theory, channel models, performance criteria, comparison to data storage, current trends)\r\n- Communication Networks (network structures, interference, broadcast and multiple access, multihop and relaying, abstraction layers, network planning)\r\n* Elements of Information Processing\r\n- Data Processing Devices (abstraction layers, real systems compared to theory, digital processing, algorithms and complexity)\r\n- Data Acquisition and Analysis (sampling and quantization, information and noise modeling, feature extraction, machine learning)\r\n- Security Aspects (reliability, security, secrecy, encryption)']"
11,116,11_Computer Science in Climate Research,['Computer Science in Climate Research'],"['Inf-MKli: Computer Science in Ocean and Climate Research Corona-Update: The course will be held as scheduled as online course. For information and registration see OLAT More information: Moduldatenbank', 'Inf-MKli: Computer Science in Ocean and Climate Research Corona-Update: The course will be held as scheduled as online course. For information and registration see OLAT More information: Moduldatenbank', 'Inf-MKli: Computer Science in Ocean and Climate Research Corona-Update: The course will be held as scheduled as online course. For information and registration see OLAT More information: Moduldatenbank']"
12,100,12_Causality in Security,['Causality in Security'],"['Causal Inference in Time Series (CIT4230006) Introduction: What is causal inference?\r\nReview of useful preliminaries\r\nRandom variable, Time series, Spectral analysis\r\nSequential predictors,\r\nCausality in Times Series\r\nGranger causality\r\nDirected information graphs\r\nEfficient algorithms\r\nCausal structure learning in time series\r\nStructures with Latent variables\r\nTime-Varying networks\r\nchange-point detection\r\nConcrete Applications\r\nComputational neuroscience\r\nFinancial markets\r\nSocial networks', 'Causal Inference in Time Series (CIT4230006) Introduction: What is causal inference?\r\nReview of useful preliminaries\r\nRandom variable, Time series, Spectral analysis\r\nSequential predictors,\r\nCausality in Times Series\r\nGranger causality\r\nDirected information graphs\r\nEfficient algorithms\r\nCausal structure learning in time series\r\nStructures with Latent variables\r\nTime-Varying networks\r\nchange-point detection\r\nConcrete Applications\r\nComputational neuroscience\r\nFinancial markets\r\nSocial networks', 'Master Seminar: Knowledge Reuse: From Threat to Causal Models and Back! (IN2107, IN4912) Causality is an intuitive notion of the world. Philosophers struggled with finding a non circular\r\ndefinition of causality [3, 5]. Computer scientists, however, were more practical and established a formal foundation of causality [2, 1]. Such foundation provides a language to reason about causality. This enables system designers to understand the causal relationships between events during the runtime of their systems. This is beneficial in different computer science domains like: software testing, distributed systems, AI, security and safety.\r\nCausality, at least in computer science, is model relative. Therefore, the action of creating a model is a crucial steps towards an effective causality inference. The goal of this seminar is to propose domain specific causal modeling methodologies related to security goals.\r\nIn threat modeling domain, we already have abstract causal knowledge represented in different forms. For example, there are at least 30 [4] directed acyclic graphical models that are used for different purposes like risk estimation, attack cost approximation, defenses planning. Let us consider an example. Attack trees [7] (AT) are the most known and perhaps used model for security purposes. Such trees enable engineers to systematically categorize how an attack can be carried out to achieve a high-level goal. Managers find attack trees appealing because of the their visual nature, as well as their ability to estimate cost of defense or attack in a top-down preservative. On the other hand, researchers appreciate attack trees as well, mainly because of their well-defined syntax and semantics[6]. Although attack trees are widely used to model possible attacks on a system, they are not really sufficient to be used to answer accountability causal-queries.\r\nThis research will study the mapping between threat models and causal models. The resulting goals of this task can be summarized as follows:\r\n•\tAnalyzing the interaction between security threat modeling techniques (e.g. attack trees) and causal models. Specifically, reasoning about the value added by creating causal models.\r\n•\tProposing algorithms to extract causal models from security models in contexts like malicious insiders.']"
13,65,13_Exam registration deadlines,['Exam registration deadlines'],"['Datenbanken: Eine Einführung (2. Klausur) Beachten Sie, dass die Anmeldefrist für diese Klausur zwei Wochen vor der Prüfung endet. Die Abmeldefrist endet - wie üblich - eine Woche vor der Klausur.', 'Programmierung (1. Klausur) Beachten Sie, dass die Anmeldefrist für diese Klausur zwei Wochen vor der Prüfung endet. Die Abmeldefrist endet - wie üblich - eine Woche vor der Klausur.', 'Programmierung (2. Klausur) Beachten Sie, dass die Anmeldefrist für diese Klausur zwei Wochen vor der Prüfung endet. Die Abmeldefrist endet - wie üblich - eine Woche vor der Klausur.']"
14,56,14_Stochastic Biological Models,['Stochastic Biological Models'],"['Stochastic Models of Biological Systems ', 'Stochastic Models of Biological Systems ', 'Stochastic Models of Biological Systems ']"
15,35,15_Advanced Cell Biology,['Advanced Cell Biology'],"['MSc-PBioC-5: Advanced Methods in Cell Biology ', 'MSc-PBioC-5: Advanced Methods in Cell Biology ', 'MSc-PBioC-5: Advanced Methods in Cell Biology ']"
16,30,16_Advanced Java Programming,['Advanced Java Programming'],"['DSG-AJP-B: Fortgeschrittene Java-Programmierung - Tutorium ', 'DSG-AJP-B: Fortgeschrittene Java-Programmierung - Tutorium ', 'DSG-AJP-B: Fortgeschrittene Java-Programmierung - Übung ']"
17,28,17_Protein function prediction,['Protein function prediction'],"['Protein Prediction I for Computer Scientists (IN2322) Intro: what is protein function? Predicting protein function using sequence: \r\nsequence alignments, multiple sequence alignments, motifs, domain assignment, \r\nannotation transfer by homology, ab initio predictions. Predicting protein \r\nfunction using structure: structural alignments, structural motifs, annotation \r\ntransfer via structure similarity. From structure prediction to function \r\nprediction: comparative modeling; prediction of: secondary structure, \r\nhydrophilicity profiles, solvent accessibility, transmembrane segments, \r\ndisordered regions, contact maps, functional residues; template free modeling. \r\nMachine learning.', 'Protein Prediction I for Computer Scientists (IN2322) Intro: what is protein function? Predicting protein function using sequence: \r\nsequence alignments, multiple sequence alignments, motifs, domain assignment, \r\nannotation transfer by homology, ab initio predictions. Predicting protein \r\nfunction using structure: structural alignments, structural motifs, annotation \r\ntransfer via structure similarity. From structure prediction to function \r\nprediction: comparative modeling; prediction of: secondary structure, \r\nhydrophilicity profiles, solvent accessibility, transmembrane segments, \r\ndisordered regions, contact maps, functional residues; template free modeling. \r\nMachine learning.', 'Protein Prediction I for Computer Scientists (IN2322) Intro: what is protein function? Predicting protein function using sequence: \r\nsequence alignments, multiple sequence alignments, motifs, domain assignment, \r\nannotation transfer by homology, ab initio predictions. Predicting protein \r\nfunction using structure: structural alignments, structural motifs, annotation \r\ntransfer via structure similarity. From structure prediction to function \r\nprediction: comparative modeling; prediction of: secondary structure, \r\nhydrophilicity profiles, solvent accessibility, transmembrane segments, \r\ndisordered regions, contact maps, functional residues; template free modeling. \r\nMachine learning.']"
18,19,18_Magnetic Resonance Imaging,['Magnetic Resonance Imaging'],"['Kolloquium Magnetic Resonance Imaging ', 'Kolloquium Magnetic Resonance Imaging ', 'Kolloquium Magnetic Resonance Imaging ']"
